{
  "state": {
    "isStdOutTTY": true,
    "isStdErrTTY": true,
    "testRunDurationMs": 300496.515
  },
  "metrics": {
    "iteration_duration": {
      "type": "trend",
      "contains": "time",
      "values": {
        "p(95)": 594.8604411,
        "avg": 538.2316689434791,
        "min": 510.382416,
        "med": 523.858208,
        "max": 2187.587333,
        "p(90)": 531.4856086
      }
    },
    "tasa_errores_estres": {
      "type": "rate",
      "contains": "default",
      "values": {
        "rate": 0.9725978329005104,
        "passes": 54305,
        "fails": 1530
      }
    },
    "group_duration": {
      "type": "trend",
      "contains": "time",
      "values": {
        "avg": 538.1886235390466,
        "min": 510.351833,
        "med": 523.81725,
        "max": 2187.399875,
        "p(90)": 531.4418998,
        "p(95)": 594.7921833
      }
    },
    "http_reqs": {
      "type": "counter",
      "contains": "default",
      "values": {
        "count": 59847,
        "rate": 199.16037961372032
      }
    },
    "http_req_tls_handshaking": {
      "type": "trend",
      "contains": "time",
      "values": {
        "max": 115.584,
        "p(90)": 0,
        "p(95)": 0,
        "avg": 0.09662377395692354,
        "min": 0,
        "med": 0
      }
    },
    "http_req_sending": {
      "type": "trend",
      "contains": "time",
      "values": {
        "p(95)": 0.283,
        "avg": 0.10393379785118269,
        "min": 0.011,
        "med": 0.057,
        "max": 11.839,
        "p(90)": 0.196
      }
    },
    "http_req_receiving": {
      "contains": "time",
      "values": {
        "min": 0.006,
        "med": 0.198,
        "max": 565.815,
        "p(90)": 1.379,
        "p(95)": 2.226,
        "avg": 1.6238295653917096
      },
      "type": "trend"
    },
    "vus": {
      "type": "gauge",
      "contains": "default",
      "values": {
        "value": 1,
        "min": 1,
        "max": 199
      }
    },
    "http_req_duration": {
      "type": "trend",
      "contains": "time",
      "values": {
        "min": 9.417,
        "med": 23.369,
        "max": 1484.849,
        "p(90)": 40.422200000000025,
        "p(95)": 107.73799999999997,
        "avg": 34.7892530118467
      },
      "thresholds": {
        "p(95)<8000": {
          "ok": true
        }
      }
    },
    "http_req_blocked": {
      "type": "trend",
      "contains": "time",
      "values": {
        "avg": 0.215916169565833,
        "min": 0,
        "med": 0.001,
        "max": 1042.137,
        "p(90)": 0.001,
        "p(95)": 0.001
      }
    },
    "http_req_waiting": {
      "type": "trend",
      "contains": "time",
      "values": {
        "avg": 33.061489648604194,
        "min": 3.953,
        "med": 22.748,
        "max": 999.872,
        "p(90)": 39.70500000000011,
        "p(95)": 107.49239999999996
      }
    },
    "tiempo_respuesta_estres": {
      "type": "trend",
      "contains": "default",
      "values": {
        "p(90)": 31,
        "p(95)": 94,
        "avg": 37.696032954240174,
        "min": 9,
        "med": 23,
        "max": 1686
      }
    },
    "http_req_failed": {
      "values": {
        "rate": 0.9073971961836015,
        "passes": 54305,
        "fails": 5542
      },
      "thresholds": {
        "rate<0.10": {
          "ok": false
        }
      },
      "type": "rate",
      "contains": "default"
    },
    "http_req_duration{expected_response:true}": {
      "values": {
        "min": 80.314,
        "med": 108.72550000000001,
        "max": 1484.849,
        "p(90)": 307.5966000000001,
        "p(95)": 402.04739999999987,
        "avg": 152.52927679538035
      },
      "type": "trend",
      "contains": "time"
    },
    "data_received": {
      "contains": "data",
      "values": {
        "count": 554826239,
        "rate": 1846364.9703225344
      },
      "type": "counter"
    },
    "http_req_connecting": {
      "type": "trend",
      "contains": "time",
      "values": {
        "min": 0,
        "med": 0,
        "max": 1024.264,
        "p(90)": 0,
        "p(95)": 0,
        "avg": 0.11414079235383566
      }
    },
    "data_sent": {
      "type": "counter",
      "contains": "data",
      "values": {
        "count": 4761245,
        "rate": 15844.593072901362
      }
    },
    "checks": {
      "type": "rate",
      "contains": "default",
      "values": {
        "passes": 57365,
        "fails": 54305,
        "rate": 0.5137010835497448
      }
    },
    "vus_max": {
      "contains": "default",
      "values": {
        "value": 200,
        "min": 200,
        "max": 200
      },
      "type": "gauge"
    },
    "iterations": {
      "type": "counter",
      "contains": "default",
      "values": {
        "count": 55835,
        "rate": 185.80914324414047
      }
    }
  },
  "root_group": {
    "name": "",
    "path": "",
    "id": "d41d8cd98f00b204e9800998ecf8427e",
    "groups": [
      {
        "name": "Estrés - Búsqueda masiva",
        "path": "::Estrés - Búsqueda masiva",
        "id": "d1d6565b2fc491a956eae0acaf76b43a",
        "groups": [],
        "checks": [
            {
              "name": "Estrés - Respuesta válida",
              "path": "::Estrés - Búsqueda masiva::Estrés - Respuesta válida",
              "id": "0a4cb468e598328640a4b5cee75302cf",
              "passes": 1530,
              "fails": 54305
            },
            {
              "passes": 55835,
              "fails": 0,
              "name": "Estrés - Sin timeout",
              "path": "::Estrés - Búsqueda masiva::Estrés - Sin timeout",
              "id": "89df8f5ece30535d46c4f05c76e74f82"
            }
          ]
      }
    ],
    "checks": []
  },
  "options": {
    "summaryTrendStats": [
      "avg",
      "min",
      "med",
      "max",
      "p(90)",
      "p(95)"
    ],
    "summaryTimeUnit": "",
    "noColor": false
  }
}